{
"lengthUnit": "mil",
"components": {
	"fields": ["COMPONENT_NO", "COMPONENT_NAME", "LAYER", "X_COORDINATE", "Y_COORDINATE", "ANGLE"],
	"rows": [
		[1, "C1", "T", 630, -765, 0],
		[2, "C2", "B", 755, -875, 90],
		[3, "C3", "T", 750, -780, 180],
		[4, "C4", "B", 655, -990, 180],
		[5, "GND1", "T", 565, -990, 0],
		[6, "GND2", "T", 1355, -780, 0],
		[7, "Gpio25", "T", 1714.31, -920.62, 0],
		[8, "power1", "T", 1348.78, -945.78, 0],
		[9, "PW-GYRO1", "T", 789.26, -998.89, 0],
		[10, "R1", "B", 650, -925, 180],
		[11, "R2", "B", 650, -845, 180],
		[12, "R4", "B", 1520, -840, 90],
		[13, "R5", "B", 1400, -845, 90],
		[14, "R6", "B", 1460, -840, 90],
		[15, "RXD", "T", 1350, -825, 0],
		[16, "SCL1", "T", 560.25, -888.29, 0],
		[17, "SCL2", "T", 1714.31, -876.32, 0],
		[18, "SDA1", "T", 560.25, -949.24, 0],
		[19, "SDA2", "T", 1720.43, -771.32, 0],
		[20, "TX", "T", 1349.24, -885.62, 0],
		[21, "U1", "T", 682.46, -910.62, 0],
		[22, "U4", "B", 1605, -845, 90],
		[23, "U5", "T", 1537.24, -875.62, 0]
	]
},
"pins": {
	"fields": ["PIN_NO", "PIN_NAME", "PIN_X", "PIN_Y", "LAYER", "PIN_TYPE", "NET_NAME", "NET_TYPE", "PAD_SHAPE", "PAD_SIZEX", "PAD_SIZEY", "HOLE_SIZE", "PAD_ANGLE"],
	"rows": [
		[1, "C1_1", 608.54, -765, "T", "SMD", "$1N620", "", "R", 31.11, 21.26, 0, 0],
		[2, "C1_2", 651.46, -765, "T", "SMD", "PW-GYRO", "", "R", 31.11, 21.26, 0, 0],
		[3, "C2_1", 755, -914.37, "B", "SMD", "GND-G", "", "R", 55.51, 53.15, 0, 90],
		[4, "C2_2", 755, -835.63, "B", "SMD", "$1N624", "", "R", 55.51, 53.15, 0, 90],
		[5, "C3_1", 789.37, -780, "T", "SMD", "$1N626", "", "R", 55.51, 53.15, 0, 180],
		[6, "C3_2", 710.63, -780, "T", "SMD", "PW-GYRO", "", "R", 55.51, 53.15, 0, 180],
		[7, "C4_1", 694.37, -990, "B", "SMD", "PW-GYRO", "", "R", 55.51, 53.15, 0, 180],
		[8, "C4_2", 615.63, -990, "B", "SMD", "GND-G", "", "R", 55.51, 53.15, 0, 180],
		[9, "GND1_1", 565, -990, "T", "DIP", "GND-G", "", "C", 20, 20, 10, 0],
		[10, "GND1_1", 565, -990, "B", "DIP", "GND-G", "", "C", 20, 20, 10, 0],
		[11, "GND2_1", 1355, -780, "T", "DIP", "GND", "GND", "C", 20, 20, 10, 0],
		[12, "GND2_1", 1355, -780, "B", "DIP", "GND", "GND", "C", 20, 20, 10, 0],
		[13, "Gpio25_1", 1714.31, -920.62, "T", "DIP", "$1N1946", "", "C", 20, 20, 12, 0],
		[14, "Gpio25_1", 1714.31, -920.62, "B", "DIP", "$1N1946", "", "C", 20, 20, 12, 0],
		[15, "power1_1", 1348.78, -945.78, "T", "DIP", "POWER", "", "C", 20, 20, 10, 0],
		[16, "power1_1", 1348.78, -945.78, "B", "DIP", "POWER", "", "C", 20, 20, 10, 0],
		[17, "PW-GYRO1_1", 789.26, -998.89, "T", "DIP", "PW-GYRO", "", "C", 20, 20, 10, 0],
		[18, "PW-GYRO1_1", 789.26, -998.89, "B", "DIP", "PW-GYRO", "", "C", 20, 20, 10, 0],
		[19, "R1_1", 689.37, -925, "B", "SMD", "$1N628", "", "R", 44.59, 54.21, 0, 180],
		[20, "R1_2", 610.63, -925, "B", "SMD", "PW-GYRO", "", "R", 44.59, 54.21, 0, 180],
		[21, "R2_1", 689.37, -845, "B", "SMD", "$1N627", "", "R", 44.59, 54.21, 0, 180],
		[22, "R2_2", 610.63, -845, "B", "SMD", "PW-GYRO", "", "R", 44.59, 54.21, 0, 180],
		[23, "R4_1", 1520, -869.66, "B", "SMD", "POWER", "", "R", 31.75, 34.02, 0, 90],
		[24, "R4_2", 1520, -810.34, "B", "SMD", "$1N1982", "", "R", 31.75, 34.02, 0, 90],
		[25, "R5_1", 1400, -874.66, "B", "SMD", "POWER", "", "R", 31.75, 34.02, 0, 90],
		[26, "R5_2", 1400, -815.34, "B", "SMD", "$1N2113", "", "R", 31.75, 34.02, 0, 90],
		[27, "R6_1", 1460, -869.66, "B", "SMD", "POWER", "", "R", 31.75, 34.02, 0, 90],
		[28, "R6_2", 1460, -810.34, "B", "SMD", "$1N2167", "", "R", 31.75, 34.02, 0, 90],
		[29, "RXD_1", 1350, -825, "T", "DIP", "$1N1513", "", "C", 20, 20, 10, 0],
		[30, "RXD_1", 1350, -825, "B", "DIP", "$1N1513", "", "C", 20, 20, 10, 0],
		[31, "SCL1_1", 560.25, -888.29, "T", "DIP", "$1N627", "", "C", 20, 20, 10, 0],
		[32, "SCL1_1", 560.25, -888.29, "B", "DIP", "$1N627", "", "C", 20, 20, 10, 0],
		[33, "SCL2_1", 1714.31, -876.32, "T", "DIP", "$1N1940", "", "C", 20, 20, 10, 0],
		[34, "SCL2_1", 1714.31, -876.32, "B", "DIP", "$1N1940", "", "C", 20, 20, 10, 0],
		[35, "SDA1_1", 560.25, -949.24, "T", "DIP", "$1N628", "", "C", 20, 20, 10, 0],
		[36, "SDA1_1", 560.25, -949.24, "B", "DIP", "$1N628", "", "C", 20, 20, 10, 0],
		[37, "SDA2_1", 1720.43, -771.32, "T", "DIP", "$1N1931", "", "C", 20, 20, 11, 0],
		[38, "SDA2_1", 1720.43, -771.32, "B", "DIP", "$1N1931", "", "C", 20, 20, 11, 0],
		[39, "TX_1", 1349.24, -885.62, "T", "DIP", "$1N1923", "", "C", 20, 20, 10, 0],
		[40, "TX_1", 1349.24, -885.62, "B", "DIP", "$1N1923", "", "C", 20, 20, 10, 0],
		[41, "U1_1", 633.25, -989.36, "T", "SMD", "GND-G", "", "O", 11.02, 31.5, 0, 0],
		[42, "U1_2", 652.93, -989.36, "T", "SMD", "U1_2", "", "O", 11.02, 31.5, 0, 0],
		[43, "U1_3", 672.62, -989.36, "T", "SMD", "U1_3", "", "O", 11.02, 31.5, 0, 0],
		[44, "U1_4", 692.3, -989.36, "T", "SMD", "U1_4", "", "O", 11.02, 31.5, 0, 0],
		[45, "U1_5", 711.99, -989.36, "T", "SMD", "U1_5", "", "O", 11.02, 31.5, 0, 0],
		[46, "U1_6", 731.67, -989.36, "T", "SMD", "U1_6", "", "O", 11.02, 31.5, 0, 0],
		[47, "U1_7", 761.2, -959.83, "T", "SMD", "U1_7", "", "O", 31.5, 11.02, 0, 0],
		[48, "U1_8", 761.2, -940.15, "T", "SMD", "PW-GYRO", "", "O", 31.5, 11.02, 0, 0],
		[49, "U1_9", 761.2, -920.46, "T", "SMD", "U1_9", "", "O", 31.5, 11.02, 0, 0],
		[50, "U1_10", 761.2, -900.78, "T", "SMD", "$1N624", "", "O", 31.5, 11.02, 0, 0],
		[51, "U1_11", 761.2, -881.09, "T", "SMD", "GND-G", "", "O", 31.5, 11.02, 0, 0],
		[52, "U1_12", 761.2, -861.41, "T", "SMD", "U1_12", "", "O", 31.5, 11.02, 0, 0],
		[53, "U1_13", 731.67, -831.88, "T", "SMD", "$1N626", "", "O", 11.02, 31.5, 0, 0],
		[54, "U1_14", 711.99, -831.88, "T", "SMD", "U1_14", "", "O", 11.02, 31.5, 0, 0],
		[55, "U1_15", 692.3, -831.88, "T", "SMD", "U1_15", "", "O", 11.02, 31.5, 0, 0],
		[56, "U1_16", 672.62, -831.88, "T", "SMD", "U1_16", "", "O", 11.02, 31.5, 0, 0],
		[57, "U1_17", 652.93, -831.88, "T", "SMD", "U1_17", "", "O", 11.02, 31.5, 0, 0],
		[58, "U1_18", 633.56, -831.88, "T", "SMD", "GND-G", "", "O", 11.02, 31.5, 0, 0],
		[59, "U1_19", 603.72, -861.41, "T", "SMD", "U1_19", "", "O", 31.5, 11.02, 0, 0],
		[60, "U1_20", 603.72, -881.09, "T", "SMD", "$1N620", "", "O", 31.5, 11.02, 0, 0],
		[61, "U1_21", 603.72, -900.78, "T", "SMD", "U1_21", "", "O", 31.5, 11.02, 0, 0],
		[62, "U1_22", 603.72, -920.46, "T", "SMD", "U1_22", "", "O", 31.5, 11.02, 0, 0],
		[63, "U1_23", 603.72, -940.15, "T", "SMD", "$1N627", "", "O", 31.5, 11.02, 0, 0],
		[64, "U1_24", 603.72, -959.83, "T", "SMD", "$1N628", "", "O", 31.5, 11.02, 0, 0],
		[65, "U1_25", 682.95, -910.62, "T", "SMD", "U1_25", "", "R", 106.3, 106.3, 0, 0],
		[66, "U4_1", 1579.41, -904.06, "B", "SMD", "ANTENA-IN", "", "R", 39.37, 23.62, 0, 90],
		[67, "U4_2", 1579.41, -785.94, "B", "SMD", "GND", "GND", "R", 39.37, 23.62, 0, 90],
		[68, "U4_3", 1630.59, -785.94, "B", "SMD", "U4_3", "", "R", 39.37, 23.62, 0, 90],
		[69, "U4_4", 1630.59, -904.06, "B", "SMD", "U4_4", "", "R", 39.37, 23.62, 0, 90],
		[70, "U5_1", 1428.97, -1010.56, "T", "SMD", "POWER", "", "R", 11.02, 27.56, 0, 0],
		[71, "U5_2", 1448.66, -1010.56, "T", "SMD", "ANTENA-IN", "", "R", 11.02, 27.56, 0, 0],
		[72, "U5_3", 1468.34, -1010.56, "T", "SMD", "POWER", "", "R", 11.02, 27.56, 0, 0],
		[73, "U5_4", 1488.03, -1010.56, "T", "SMD", "POWER", "", "R", 11.02, 27.56, 0, 0],
		[74, "U5_5", 1507.71, -1010.56, "T", "SMD", "U5_5", "", "R", 11.02, 27.56, 0, 0],
		[75, "U5_6", 1527.4, -1010.56, "T", "SMD", "U5_6", "", "R", 11.02, 27.56, 0, 0],
		[76, "U5_7", 1547.08, -1010.56, "T", "SMD", "U5_7", "", "R", 11.02, 27.56, 0, 0],
		[77, "U5_8", 1566.77, -1010.56, "T", "SMD", "U5_8", "", "R", 11.02, 27.56, 0, 0],
		[78, "U5_9", 1586.45, -1010.56, "T", "SMD", "POWER", "", "R", 11.02, 27.56, 0, 0],
		[79, "U5_10", 1606.14, -1010.56, "T", "SMD", "U5_10", "", "R", 11.02, 27.56, 0, 0],
		[80, "U5_11", 1625.82, -1010.56, "T", "SMD", "U5_11", "", "R", 11.02, 27.56, 0, 0],
		[81, "U5_12", 1645.51, -1010.56, "T", "SMD", "U5_12", "", "R", 11.02, 27.56, 0, 0],
		[82, "U5_13", 1672.18, -983.89, "T", "SMD", "U5_13", "", "R", 27.56, 11.02, 0, 0],
		[83, "U5_14", 1672.18, -964.2, "T", "SMD", "$1N1946", "", "R", 27.56, 11.02, 0, 0],
		[84, "U5_15", 1672.18, -944.52, "T", "SMD", "U5_15", "", "R", 27.56, 11.02, 0, 0],
		[85, "U5_16", 1672.18, -924.83, "T", "SMD", "U5_16", "", "R", 27.56, 11.02, 0, 0],
		[86, "U5_17", 1672.18, -905.15, "T", "SMD", "$1N1940", "", "R", 27.56, 11.02, 0, 0],
		[87, "U5_18", 1672.18, -885.46, "T", "SMD", "U5_18", "", "R", 27.56, 11.02, 0, 0],
		[88, "U5_19", 1672.18, -865.78, "T", "SMD", "U5_19", "", "R", 27.56, 11.02, 0, 0],
		[89, "U5_20", 1672.18, -846.09, "T", "SMD", "U5_20", "", "R", 27.56, 11.02, 0, 0],
		[90, "U5_21", 1672.18, -826.41, "T", "SMD", "$1N2113", "", "R", 27.56, 11.02, 0, 0],
		[91, "U5_22", 1672.18, -806.72, "T", "SMD", "U5_22", "", "R", 27.56, 11.02, 0, 0],
		[92, "U5_23", 1672.18, -787.04, "T", "SMD", "$1N1982", "", "R", 27.56, 11.02, 0, 0],
		[93, "U5_24", 1672.18, -767.35, "T", "SMD", "U5_24", "", "R", 27.56, 11.02, 0, 0],
		[94, "U5_25", 1645.51, -740.68, "T", "SMD", "U5_25", "", "R", 11.02, 27.56, 0, 0],
		[95, "U5_26", 1625.82, -740.68, "T", "SMD", "U5_26", "", "R", 11.02, 27.56, 0, 0],
		[96, "U5_27", 1606.14, -740.68, "T", "SMD", "U5_27", "", "R", 11.02, 27.56, 0, 0],
		[97, "U5_28", 1586.45, -740.68, "T", "SMD", "U5_28", "", "R", 11.02, 27.56, 0, 0],
		[98, "U5_29", 1566.77, -740.68, "T", "SMD", "U5_29", "", "R", 11.02, 27.56, 0, 0],
		[99, "U5_30", 1547.08, -740.68, "T", "SMD", "U5_30", "", "R", 11.02, 27.56, 0, 0],
		[100, "U5_31", 1527.4, -740.68, "T", "SMD", "U5_31", "", "R", 11.02, 27.56, 0, 0],
		[101, "U5_32", 1507.71, -740.68, "T", "SMD", "$1N1931", "", "R", 11.02, 27.56, 0, 0],
		[102, "U5_33", 1488.03, -740.68, "T", "SMD", "U5_33", "", "R", 11.02, 27.56, 0, 0],
		[103, "U5_34", 1468.34, -740.68, "T", "SMD", "$1N2167", "", "R", 11.02, 27.56, 0, 0],
		[104, "U5_35", 1448.66, -740.68, "T", "SMD", "U5_35", "", "R", 11.02, 27.56, 0, 0],
		[105, "U5_36", 1428.97, -740.68, "T", "SMD", "U5_36", "", "R", 11.02, 27.56, 0, 0],
		[106, "U5_37", 1402.3, -767.35, "T", "SMD", "POWER", "", "R", 27.56, 11.02, 0, 0],
		[107, "U5_38", 1402.3, -787.04, "T", "SMD", "U5_38", "", "R", 27.56, 11.02, 0, 0],
		[108, "U5_39", 1402.3, -806.72, "T", "SMD", "U5_39", "", "R", 27.56, 11.02, 0, 0],
		[109, "U5_40", 1402.3, -826.41, "T", "SMD", "$1N1513", "", "R", 27.56, 11.02, 0, 0],
		[110, "U5_41", 1402.3, -846.09, "T", "SMD", "$1N1923", "", "R", 27.56, 11.02, 0, 0],
		[111, "U5_42", 1402.3, -865.78, "T", "SMD", "U5_42", "", "R", 27.56, 11.02, 0, 0],
		[112, "U5_43", 1402.3, -885.46, "T", "SMD", "POWER", "", "R", 27.56, 11.02, 0, 0],
		[113, "U5_44", 1402.3, -905.15, "T", "SMD", "U5_44", "", "R", 27.56, 11.02, 0, 0],
		[114, "U5_45", 1402.3, -924.83, "T", "SMD", "U5_45", "", "R", 27.56, 11.02, 0, 0],
		[115, "U5_46", 1402.3, -944.52, "T", "SMD", "POWER", "", "R", 27.56, 11.02, 0, 0],
		[116, "U5_47", 1402.3, -964.2, "T", "SMD", "U5_47", "", "R", 27.56, 11.02, 0, 0],
		[117, "U5_48", 1402.3, -983.89, "T", "SMD", "U5_48", "", "R", 27.56, 11.02, 0, 0],
		[118, "U5_49", 1537.24, -875.62, "T", "SMD", "GND", "GND", "R", 200.79, 200.79, 0, 0]
	]
}
}